file_name,no_of_ifs,no_of_loop,no_of_break,priority_queue_present,no_of_sort,hash_set_present,hash_map_present,recursion_present,nested_loop_depth,complexity
1001.java,0,0,0,0,0,0,0,0,0,1
1100.java,1,1,0,0,0,0,0,0,1,1
1101.java,2,0,0,0,0,0,0,0,0,1
1102.java,0,0,0,0,0,0,0,0,0,1
1103.java,11,0,0,0,0,0,0,0,0,1
1104.java,5,2,0,0,1,0,0,0,1,1
1105.java,2,2,0,0,0,0,0,0,1,1
1106.java,0,1,0,0,0,0,0,0,1,1
1107.java,0,0,0,0,0,0,0,0,0,1
1108.java,0,0,0,0,0,0,0,0,0,1
1109.java,0,0,0,0,0,0,0,0,0,1
1110.java,4,1,0,0,0,0,0,0,1,1
1111.java,10,2,0,0,0,0,0,0,1,1
1112.java,1,0,0,0,0,0,0,0,0,1
1113.java,1,2,0,0,0,0,0,0,1,1
1114.java,2,1,0,0,0,0,0,0,1,1
1115.java,1,1,0,0,0,0,0,0,1,1
1116.java,3,0,0,0,0,0,0,0,0,1
1117.java,2,0,0,0,0,0,0,0,0,1
1118.java,1,0,0,0,0,0,0,0,0,1
1119.java,0,2,0,0,0,0,0,0,1,1
1120.java,0,0,0,0,0,0,0,0,0,1
1121.java,1,0,0,0,0,0,0,0,0,1
1122.java,1,0,0,0,0,0,0,0,0,1
1123.java,2,1,1,0,0,0,0,0,1,1
1124.java,2,0,0,0,0,0,0,0,0,1
1125.java,0,0,0,0,0,0,0,0,0,1
1126.java,0,1,0,0,0,0,0,0,1,1
1127.java,0,0,0,0,0,0,0,0,0,1
1128.java,0,1,0,0,0,0,0,0,1,1
1129.java,0,1,0,0,0,0,0,0,1,1
1130.java,0,3,0,0,0,0,0,0,1,1
1131.java,2,0,0,0,0,0,0,0,0,1
1132.java,7,0,0,0,0,0,0,1,0,1
1133.java,1,1,0,0,0,0,0,0,1,1
1134.java,1,0,0,0,0,0,0,0,0,1
1135.java,0,1,0,0,0,0,0,0,1,1
1136.java,0,1,0,0,0,0,0,0,1,1
1137.java,1,0,0,0,0,0,0,0,0,1
1138.java,1,0,0,0,0,0,0,0,0,1
1139.java,2,0,0,0,0,0,0,0,0,1
1140.java,1,0,0,0,0,0,0,0,0,1
1141.java,3,1,0,0,0,0,0,0,1,1
1142.java,2,1,0,0,0,0,0,0,1,1
1143.java,7,2,0,0,0,0,0,0,1,1
1144.java,5,1,0,0,0,0,0,0,1,1
1145.java,0,0,0,0,0,0,0,0,0,1
1146.java,6,1,0,0,0,0,0,0,1,1
1147.java,0,0,0,0,0,0,0,0,0,1
1148.java,4,2,0,0,0,0,0,0,1,1
1149.java,1,0,0,0,0,0,0,0,0,1
1150.java,1,0,0,0,0,0,0,0,0,1
1151.java,1,1,0,0,0,0,0,0,1,1
1152.java,6,1,0,0,0,0,0,0,1,1
1153.java,2,1,1,0,0,0,0,0,1,1
1154.java,1,0,0,0,0,0,0,0,0,1
1155.java,4,0,0,0,0,0,0,0,0,1
1156.java,5,0,0,0,0,0,0,0,0,1
1173.java,1,1,0,0,0,0,0,0,1,1
1175.java,0,1,0,0,0,0,0,0,1,1
1176.java,0,0,0,0,0,0,0,0,0,1
1177.java,1,1,0,0,0,0,0,0,1,1
1180.java,2,6,0,0,0,0,0,0,2,1
1181.java,8,2,0,0,0,0,0,0,1,1
1182.java,2,0,0,0,0,0,0,0,0,1
1183.java,6,2,0,0,0,0,0,0,1,1
1184.java,1,0,0,0,0,0,0,0,0,1
1185.java,12,2,0,0,0,0,0,0,1,1
1186.java,2,6,0,0,0,0,0,0,2,1
1187.java,0,1,0,0,0,0,0,0,1,1
1188.java,0,1,0,0,0,0,0,0,1,1
1189.java,0,1,0,0,0,0,0,0,1,1
1190.java,1,1,0,0,0,0,0,0,1,1
1191.java,2,1,0,0,0,0,0,1,1,1
1192.java,1,0,0,0,0,0,0,0,0,1
1193.java,1,0,0,0,0,0,0,0,0,1
1194.java,1,1,0,0,0,0,0,0,1,1
1195.java,1,0,0,0,0,0,0,0,0,1
1196.java,1,1,0,0,0,0,0,0,1,1
1197.java,1,1,0,0,0,0,0,0,1,1
1198.java,0,0,0,0,0,0,0,0,0,1
1199.java,1,0,0,0,0,0,0,0,0,1
1200.java,2,0,0,0,0,0,0,0,0,1
1201.java,2,0,0,0,0,0,0,0,0,1
1202.java,3,6,0,0,0,0,0,0,2,1
1203.java,2,5,0,0,0,0,0,0,2,1
1204.java,2,0,0,0,0,0,0,0,0,1
1205.java,0,0,0,0,0,0,0,0,0,1
1206.java,1,0,0,0,0,0,0,0,0,1
1207.java,2,0,0,0,0,0,0,0,0,1
1208.java,10,0,0,0,0,0,0,0,0,1
1209.java,3,6,0,0,0,0,0,0,1,1
1210.java,0,0,0,0,0,0,0,0,0,1
1211.java,7,2,0,0,0,0,0,0,1,1
1213.java,3,1,0,0,0,0,0,0,1,1
1214.java,2,1,0,0,0,0,0,0,1,1
1215.java,1,1,0,0,0,0,0,0,1,1
172.java,5,1,0,0,0,0,0,0,1,1
217.java,2,0,0,0,0,0,0,0,0,1
492.java,7,0,0,0,0,0,0,0,0,1
600.java,0,0,0,0,0,0,0,0,0,1
601.java,2,0,0,0,0,0,0,0,0,1
602.java,1,0,0,0,0,0,0,0,0,1
615.java,2,0,0,0,0,0,0,0,0,1
616.java,1,1,0,0,0,0,0,0,1,1
619.java,0,2,0,0,0,0,0,0,1,1
63.java,3,1,0,0,0,0,0,0,1,1
643.java,3,0,0,0,0,0,0,0,0,1
644.java,5,1,0,0,0,0,0,0,1,1
645.java,6,0,0,0,0,0,0,0,0,1
646.java,6,4,0,0,1,0,0,0,2,1
647.java,18,4,2,0,1,0,0,0,1,1
648.java,24,1,0,0,0,0,0,0,1,1
718.java,6,0,0,0,0,0,0,0,0,1
733.java,0,1,0,0,0,0,0,0,1,1
743.java,10,3,0,0,0,0,0,0,1,1
745.java,1,0,0,0,0,0,0,0,0,1
757.java,1,1,0,0,0,0,0,0,1,1
766.java,0,0,0,0,0,0,0,0,0,1
775.java,2,0,0,0,0,0,0,0,0,1
780.java,0,0,0,0,0,0,0,0,0,1
781.java,0,1,0,0,0,0,0,0,1,1
782.java,4,2,0,0,0,0,0,0,1,1
791.java,1,0,0,0,0,0,0,0,0,1
802.java,0,1,0,0,0,0,0,0,1,1
804.java,0,1,0,0,0,0,0,0,1,1
813.java,3,0,0,0,0,0,0,0,0,1
816.java,4,1,0,0,0,0,0,0,1,1
832.java,0,1,0,0,0,0,0,0,1,1
835.java,0,0,0,0,0,0,0,0,0,1
842.java,6,0,0,0,0,0,0,0,0,1
858.java,1,1,0,0,0,0,0,0,1,1
868.java,1,0,0,0,0,0,0,0,0,1
878.java,1,5,0,0,0,0,0,0,2,1
889.java,2,1,0,0,0,0,0,0,1,1
910.java,6,3,0,0,0,1,0,0,1,1
923.java,1,0,0,0,0,0,0,0,0,1
925.java,4,4,0,0,0,0,0,0,2,1
931.java,5,6,0,0,0,0,0,0,2,1
995.java,0,1,0,0,0,0,0,0,1,1
996.java,6,2,0,0,0,0,0,0,1,1
262.java,0,0,0,0,0,0,0,0,0,1
111.java,5,1,0,0,0,0,0,1,1,logn
1157.java,10,3,0,0,0,0,0,0,1,logn
1158.java,7,3,0,0,0,0,0,0,2,logn
1159.java,5,1,0,0,0,0,0,0,1,logn
1160.java,7,3,0,0,0,0,0,0,1,logn
1161.java,10,3,0,0,0,0,0,0,1,logn
1162.java,12,3,0,0,0,0,0,0,1,logn
1164.java,5,2,1,0,0,0,0,0,1,logn
1165.java,5,3,0,0,0,0,0,0,1,logn
1166.java,4,2,0,0,0,0,0,0,1,logn
1168.java,4,1,0,0,0,0,0,0,1,logn
1169.java,3,2,0,0,0,0,0,0,1,logn
1170.java,3,1,0,0,0,0,0,0,1,logn
1171.java,3,1,0,0,0,0,0,1,1,logn
125.java,7,0,0,0,0,0,0,1,0,logn
127.java,6,0,0,0,0,0,0,1,0,logn
1500.java,5,1,0,0,0,0,0,1,1,logn
1501.java,5,0,0,0,0,0,0,1,0,logn
1502.java,4,1,0,0,0,0,0,1,1,logn
1503.java,4,2,0,0,0,0,0,0,1,logn
1504.java,7,0,0,0,0,0,0,1,0,logn
1505.java,7,0,0,0,0,0,0,1,0,logn
1506.java,2,1,0,0,0,0,0,0,1,logn
1507.java,4,1,0,0,0,0,0,0,1,logn
1508.java,3,2,0,0,0,0,0,0,1,logn
1509.java,4,1,0,0,0,0,0,0,1,logn
1510.java,5,2,0,0,0,0,0,0,1,logn
1511.java,4,1,0,0,0,0,0,0,1,logn
1512.java,2,1,0,0,0,0,0,0,1,logn
1513.java,3,0,0,0,0,0,0,1,0,logn
1514.java,2,1,0,0,0,0,0,0,1,logn
1515.java,5,0,0,0,0,0,0,1,0,logn
218.java,0,2,0,0,0,0,0,0,1,logn
22.java,5,0,0,0,0,0,0,1,0,logn
5.java,5,0,0,0,0,0,0,1,0,logn
512.java,4,0,0,0,0,0,0,1,0,logn
513.java,3,1,0,0,0,0,0,0,1,logn
516.java,4,1,0,0,0,0,0,1,1,logn
519.java,11,0,0,0,0,0,0,1,0,logn
521.java,9,0,0,0,0,0,0,1,0,logn
527.java,7,0,0,0,0,0,0,1,0,logn
529.java,4,2,0,0,0,0,0,1,1,logn
534.java,3,0,0,0,0,0,0,1,0,logn
536.java,5,0,0,0,0,0,0,1,0,logn
538.java,2,0,0,0,0,0,0,1,0,logn
539.java,5,0,0,0,0,0,0,1,0,logn
540.java,6,0,0,0,0,0,0,1,0,logn
543.java,3,0,0,0,0,0,0,1,0,logn
56.java,3,0,0,0,0,0,0,1,0,logn
715.java,6,1,0,0,0,0,0,0,1,logn
783.java,4,4,1,0,0,0,0,0,2,logn
794.java,5,1,0,0,0,0,0,0,1,logn
927.java,3,2,0,0,0,0,0,0,1,logn
530.java,7,0,0,0,0,0,0,1,0,logn
1167.java,5,1,0,0,0,0,0,0,1,logn
1000.java,0,1,0,0,0,0,0,0,1,n
1002.java,10,7,0,0,0,0,0,0,1,n
1003.java,11,7,0,0,0,0,0,0,1,n
1004.java,3,2,0,0,0,0,0,0,1,n
1005.java,3,4,0,0,0,0,0,0,1,n
1006.java,3,2,0,0,0,0,0,0,1,n
1007.java,6,7,0,0,0,0,0,0,1,n
1008.java,7,8,0,0,0,0,0,0,1,n
1009.java,3,2,0,0,0,0,0,0,1,n
101.java,7,5,4,0,0,0,0,0,1,n
1010.java,1,5,0,0,0,0,0,0,1,n
1011.java,7,5,1,0,0,0,0,0,1,n
1012.java,3,5,1,0,0,0,0,0,1,n
1021.java,0,0,0,0,0,0,0,0,0,n
1022.java,2,3,0,0,0,0,0,0,2,n
1023.java,2,2,0,0,0,0,0,0,2,n
1025.java,0,0,0,0,0,0,0,0,0,n
1026.java,1,2,0,0,0,0,0,0,1,n
1027.java,4,4,1,0,0,0,0,0,1,n
1028.java,9,5,0,0,0,0,0,0,1,n
1029.java,3,4,0,0,0,0,0,0,1,n
106.java,0,2,0,0,0,0,0,0,1,n
109.java,4,3,0,0,0,0,0,0,1,n
268.java,2,3,0,0,0,0,0,0,2,n
269.java,2,4,0,0,0,0,0,0,1,n
270.java,6,2,0,0,0,0,0,0,1,n
272.java,1,1,0,0,0,0,0,0,1,n
273.java,6,4,1,0,0,0,0,0,1,n
275.java,3,2,0,0,0,1,0,0,1,n
276.java,1,2,0,0,0,0,0,0,1,n
277.java,0,2,0,0,0,0,0,0,2,n
279.java,1,2,0,0,0,0,0,0,2,n
28.java,1,1,0,0,0,0,0,1,1,n
280.java,1,2,0,0,0,0,0,0,1,n
281.java,3,1,0,0,0,0,0,0,1,n
282.java,2,1,0,0,0,0,0,0,1,n
284.java,1,1,0,0,0,0,0,0,1,n
287.java,3,1,0,0,0,0,0,0,1,n
296.java,0,1,0,0,0,0,0,0,1,n
299.java,1,1,0,0,0,0,0,0,1,n
3.java,0,1,0,0,0,0,0,0,1,n
300.java,2,1,0,0,0,0,0,1,1,n
308.java,1,0,0,0,0,0,0,1,0,n
309.java,0,1,0,0,0,0,0,0,1,n
32.java,0,3,0,0,0,0,0,0,1,n
320.java,3,1,0,0,0,0,0,0,1,n
321.java,4,0,0,0,0,0,0,1,0,n
329.java,4,1,0,0,0,0,0,0,1,n
33.java,1,5,0,0,0,0,0,0,1,n
331.java,0,1,0,0,0,0,0,0,1,n
333.java,0,1,0,0,0,0,0,0,1,n
334.java,1,1,0,0,0,0,0,0,1,n
345.java,3,1,0,0,0,0,0,0,1,n
349.java,0,1,0,0,0,0,0,0,1,n
35.java,1,4,0,0,0,0,0,0,1,n
350.java,3,1,0,0,0,0,0,0,1,n
351.java,3,1,0,0,0,0,0,0,1,n
352.java,0,1,0,0,0,0,0,0,1,n
353.java,0,1,0,0,0,0,0,0,1,n
354.java,2,1,0,0,0,0,0,0,1,n
355.java,2,1,0,0,0,0,0,0,1,n
356.java,0,4,0,0,0,0,0,0,2,n
358.java,3,2,0,0,0,0,0,0,1,n
36.java,1,3,0,0,0,0,0,0,1,n
360.java,5,0,0,0,0,0,0,1,0,n
362.java,0,0,0,0,0,0,0,0,0,n
365.java,0,1,0,0,0,0,0,0,1,n
37.java,3,4,0,0,0,0,0,0,1,n
374.java,3,0,0,0,0,0,0,1,0,n
377.java,2,0,0,0,0,0,0,1,0,n
378.java,4,0,0,0,0,0,0,1,0,n
38.java,2,2,0,0,0,0,0,0,1,n
381.java,7,2,0,0,0,0,0,1,1,n
382.java,3,0,0,0,0,0,0,1,0,n
383.java,3,0,0,0,0,0,0,1,0,n
385.java,5,3,0,0,0,0,0,0,2,n
386.java,5,1,0,0,0,0,0,0,1,n
388.java,2,2,0,0,0,0,0,0,1,n
389.java,4,1,0,0,0,0,0,0,1,n
39.java,1,2,0,0,0,0,0,0,1,n
390.java,5,1,0,0,0,0,0,1,1,n
391.java,3,0,0,0,0,0,0,1,0,n
393.java,7,1,0,0,0,0,0,0,1,n
394.java,9,0,0,0,0,0,0,1,0,n
398.java,3,1,0,0,0,0,0,1,1,n
399.java,2,0,0,0,0,0,0,1,0,n
4.java,4,2,1,0,0,0,0,0,1,n
400.java,3,0,0,0,0,0,0,1,0,n
404.java,2,3,0,0,0,0,0,1,1,n
405.java,2,1,0,0,0,0,0,1,1,n
406.java,2,1,0,0,0,0,0,1,1,n
408.java,3,0,0,0,0,0,0,1,0,n
409.java,2,0,0,0,0,0,0,1,0,n
410.java,3,0,0,0,0,0,0,1,0,n
411.java,2,2,0,0,0,0,0,1,1,n
412.java,4,0,0,0,0,0,0,1,0,n
413.java,6,2,1,0,0,0,0,1,2,n
414.java,4,3,1,0,0,0,0,0,2,n
415.java,5,0,0,0,0,0,0,1,0,n
417.java,10,0,0,0,0,0,0,1,0,n
418.java,5,0,0,0,0,0,0,1,0,n
419.java,4,0,0,0,0,0,0,1,0,n
420.java,10,2,0,0,0,0,0,0,2,n
422.java,4,0,0,0,0,0,0,1,0,n
424.java,4,1,0,0,0,0,0,1,1,n
425.java,4,0,0,0,0,0,0,1,0,n
426.java,6,1,0,0,0,0,0,0,1,n
428.java,12,2,1,0,0,0,0,1,2,n
429.java,3,0,0,0,0,0,0,1,0,n
43.java,7,3,1,0,2,0,0,1,1,n
430.java,3,2,1,0,0,0,0,0,2,n
431.java,3,0,0,0,0,0,0,1,0,n
432.java,3,0,0,0,0,0,0,1,0,n
433.java,9,0,0,0,0,0,0,1,0,n
434.java,4,1,0,0,0,0,0,1,1,n
435.java,2,0,0,0,0,0,0,1,0,n
436.java,5,2,1,0,0,0,0,0,2,n
437.java,2,0,0,0,0,0,0,1,0,n
438.java,2,0,0,0,0,0,0,1,0,n
439.java,3,2,0,0,0,0,0,1,1,n
44.java,1,1,0,0,0,0,0,0,1,n
440.java,2,0,0,0,0,0,0,1,0,n
441.java,2,0,0,0,0,0,0,1,0,n
442.java,2,1,0,0,0,0,0,1,1,n
443.java,5,1,0,0,0,0,0,0,1,n
445.java,4,2,0,0,0,0,0,0,2,n
446.java,4,0,0,0,0,0,0,1,0,n
447.java,7,3,0,0,0,0,0,1,2,n
449.java,3,1,0,0,0,0,0,0,1,n
45.java,4,1,0,0,0,0,0,0,1,n
451.java,4,3,1,0,0,0,0,0,2,n
452.java,6,0,0,0,0,0,0,1,0,n
453.java,7,1,0,0,0,0,0,1,1,n
454.java,6,4,0,0,0,0,0,0,1,n
455.java,5,1,0,0,0,0,0,1,1,n
456.java,4,0,0,0,0,0,0,1,0,n
461.java,3,4,0,0,0,0,0,1,1,n
462.java,4,2,0,0,0,0,0,0,1,n
469.java,7,1,0,0,0,0,0,0,1,n
470.java,6,1,0,0,0,0,0,0,1,n
479.java,0,0,0,0,0,0,0,0,0,n
481.java,1,1,0,0,0,0,0,0,1,n
494.java,5,4,0,0,0,0,0,0,1,n
496.java,1,2,0,0,0,0,0,0,1,n
500.java,1,1,0,0,0,0,0,0,1,n
506.java,2,2,0,0,0,0,0,0,1,n
507.java,3,2,0,0,0,0,0,0,1,n
508.java,3,3,0,1,0,0,0,0,1,n
509.java,1,2,0,0,0,0,0,0,2,n
515.java,4,0,0,0,0,0,0,1,0,n
517.java,0,1,0,0,0,0,0,0,1,n
524.java,4,1,0,0,0,0,0,0,1,n
526.java,4,1,0,0,0,0,0,0,1,n
528.java,1,1,0,0,0,0,0,0,1,n
531.java,2,2,0,0,0,0,0,0,1,n
532.java,2,4,0,0,0,0,0,0,1,n
533.java,1,1,0,0,0,0,0,0,1,n
535.java,1,1,0,0,0,0,0,0,1,n
537.java,2,1,0,0,0,0,0,0,1,n
54.java,4,1,0,0,0,0,0,0,1,n
541.java,2,1,0,0,0,0,1,0,1,n
542.java,3,1,0,0,0,0,0,0,1,n
544.java,2,1,0,0,0,0,0,0,1,n
545.java,2,1,0,0,0,0,0,0,1,n
547.java,4,2,1,0,0,0,0,0,1,n
549.java,3,1,0,0,0,0,0,0,1,n
55.java,4,1,0,0,0,0,0,0,1,n
551.java,3,2,0,0,0,0,0,0,2,n
552.java,3,1,0,0,0,0,0,0,1,n
553.java,2,1,0,0,0,0,0,0,1,n
554.java,2,2,0,0,0,0,0,0,2,n
555.java,0,3,0,0,0,0,0,0,1,n
557.java,1,2,0,0,0,0,0,0,1,n
558.java,2,1,0,0,0,0,0,0,1,n
559.java,1,1,0,0,0,0,0,0,1,n
563.java,7,2,0,0,0,0,0,0,1,n
568.java,2,4,0,0,0,0,0,0,1,n
569.java,1,2,0,0,0,0,0,0,2,n
57.java,0,1,0,0,0,0,0,0,1,n
570.java,2,3,0,0,0,0,0,0,2,n
571.java,2,3,0,0,0,0,0,0,1,n
574.java,6,2,0,0,0,0,0,0,1,n
578.java,4,5,0,0,0,0,0,0,3,n
580.java,3,2,1,0,0,0,0,0,1,n
582.java,3,1,1,0,1,0,0,0,1,n
588.java,1,2,0,0,0,0,0,0,1,n
589.java,2,3,0,0,0,0,0,0,1,n
59.java,1,1,0,0,0,0,0,0,1,n
590.java,1,2,0,0,0,0,0,0,1,n
591.java,0,2,0,0,0,0,0,0,2,n
593.java,3,3,0,0,0,0,0,0,1,n
594.java,5,3,0,0,0,1,0,0,1,n
599.java,8,5,3,0,0,0,0,0,1,n
6.java,1,2,0,0,0,0,0,0,1,n
603.java,3,2,1,0,0,0,0,0,1,n
604.java,0,1,0,0,0,0,0,0,1,n
617.java,7,2,4,0,0,0,0,0,1,n
618.java,12,1,0,0,0,0,0,0,1,n
62.java,1,1,0,0,0,0,0,0,1,n
621.java,9,6,5,0,0,0,0,0,1,n
622.java,1,6,0,0,0,0,0,0,2,n
632.java,2,2,0,0,0,0,0,0,1,n
633.java,1,2,0,0,0,0,0,0,1,n
636.java,0,0,0,0,0,0,0,0,0,n
637.java,6,3,0,0,1,0,0,0,1,n
638.java,10,4,0,0,1,0,0,1,1,n
639.java,7,4,0,0,1,0,0,0,1,n
64.java,1,2,0,0,0,0,1,0,1,n
640.java,0,0,0,0,0,0,0,0,0,n
641.java,4,6,0,0,0,0,0,0,1,n
642.java,9,6,0,0,0,0,0,0,1,n
65.java,1,2,0,0,0,0,0,0,1,n
650.java,4,2,0,0,0,0,0,0,1,n
653.java,0,1,0,0,0,0,0,0,1,n
654.java,13,12,0,0,0,0,0,0,1,n
657.java,2,2,0,0,0,0,0,0,1,n
658.java,1,2,0,0,0,0,0,0,1,n
659.java,2,1,0,0,0,0,0,0,1,n
66.java,2,3,0,0,0,0,0,0,1,n
660.java,1,1,1,0,0,0,0,0,1,n
662.java,3,1,0,0,0,0,0,0,1,n
665.java,1,3,0,0,0,0,0,0,1,n
667.java,4,4,0,0,0,0,0,0,1,n
668.java,9,2,0,0,0,0,0,0,2,n
669.java,7,7,0,0,0,0,0,1,1,n
67.java,2,2,0,0,0,0,0,0,1,n
670.java,2,4,2,0,0,0,0,0,2,n
671.java,3,4,0,0,0,0,0,0,2,n
672.java,2,1,0,0,0,0,0,0,1,n
675.java,0,3,0,0,0,0,0,0,1,n
676.java,2,3,0,0,0,0,0,0,1,n
679.java,6,2,0,0,0,0,0,0,1,n
683.java,4,5,0,0,0,0,0,0,3,n
685.java,3,2,1,0,0,0,0,0,1,n
687.java,3,1,1,0,1,0,0,0,1,n
69.java,3,2,1,0,0,0,0,0,1,n
693.java,1,2,0,0,0,0,0,0,1,n
694.java,2,3,0,0,0,0,0,0,1,n
695.java,1,2,0,0,0,0,0,0,1,n
696.java,0,2,0,0,0,0,0,0,2,n
698.java,3,3,0,0,0,0,0,0,1,n
699.java,5,3,0,0,0,1,0,0,1,n
704.java,8,5,3,0,0,0,0,0,1,n
708.java,1,2,0,0,0,0,0,0,1,n
712.java,0,5,0,0,0,0,0,0,2,n
713.java,1,1,0,0,0,0,0,0,1,n
714.java,0,3,0,0,0,0,0,0,2,n
717.java,7,4,1,0,0,0,0,0,1,n
719.java,2,2,1,0,0,0,0,0,1,n
721.java,3,1,0,0,0,0,0,0,1,n
728.java,2,6,0,0,0,0,0,0,2,n
735.java,1,1,0,0,0,0,0,0,1,n
736.java,3,5,0,0,0,0,0,0,1,n
738.java,3,5,0,0,0,0,0,1,1,n
742.java,19,3,0,0,0,0,0,0,1,n
746.java,9,5,0,0,0,0,0,0,1,n
747.java,9,7,1,0,0,0,0,0,1,n
750.java,2,1,0,0,0,0,0,0,1,n
752.java,9,8,0,0,0,0,0,0,2,n
753.java,0,2,0,0,0,0,0,0,1,n
754.java,3,4,0,0,0,0,0,0,1,n
756.java,10,4,0,0,0,0,0,0,1,n
758.java,2,2,1,0,0,0,0,0,1,n
76.java,4,3,0,0,0,0,0,0,2,n
761.java,2,7,0,0,0,0,0,1,2,n
763.java,1,2,0,0,0,0,0,0,1,n
765.java,3,3,3,0,0,0,0,0,2,n
770.java,7,7,0,0,0,0,0,0,1,n
771.java,1,1,0,0,0,0,0,0,1,n
772.java,17,11,0,0,0,0,0,0,2,n
773.java,0,2,0,0,0,0,0,0,1,n
774.java,7,6,0,0,0,0,0,1,1,n
776.java,2,1,1,0,0,0,0,0,1,n
777.java,2,4,1,0,0,0,0,0,2,n
78.java,2,2,0,0,0,0,0,0,1,n
785.java,3,5,0,0,0,0,0,0,2,n
786.java,8,4,0,0,0,0,0,0,1,n
789.java,1,3,0,0,0,0,0,0,1,n
79.java,2,2,0,0,0,0,0,0,1,n
793.java,0,2,0,0,0,0,0,0,1,n
795.java,6,12,0,0,0,0,0,0,2,n
796.java,0,1,0,0,0,0,0,0,1,n
799.java,0,3,0,0,0,0,0,0,2,n
8.java,0,1,0,0,0,0,0,0,1,n
80.java,2,1,0,0,0,0,0,0,1,n
800.java,4,3,0,0,0,0,0,0,1,n
801.java,4,4,1,0,0,0,0,0,2,n
803.java,1,4,0,0,0,0,0,0,1,n
806.java,2,2,1,0,0,0,0,0,2,n
81.java,0,1,0,0,0,0,0,0,1,n
814.java,2,3,0,0,0,0,0,0,1,n
820.java,3,17,0,0,0,0,0,0,8,n
824.java,1,1,1,0,0,0,0,0,1,n
825.java,0,1,0,0,0,0,0,0,1,n
827.java,4,5,1,0,0,0,0,0,2,n
828.java,2,2,0,0,0,0,0,0,1,n
829.java,0,1,0,0,0,0,0,0,1,n
836.java,2,3,0,0,0,0,0,0,1,n
837.java,2,6,0,0,0,0,0,0,1,n
841.java,10,8,0,0,0,0,0,0,2,n
846.java,0,1,0,0,0,0,0,0,1,n
848.java,7,2,1,0,0,0,0,0,1,n
85.java,3,2,0,0,0,0,0,0,1,n
851.java,2,3,0,0,0,0,0,0,1,n
854.java,1,2,0,0,0,0,0,0,1,n
856.java,5,2,0,0,0,0,0,0,1,n
857.java,2,3,0,0,0,1,0,0,2,n
860.java,2,3,0,0,0,0,0,1,1,n
861.java,2,2,0,0,0,0,0,0,1,n
864.java,2,6,0,0,0,0,0,0,1,n
867.java,1,6,0,0,0,0,0,0,2,n
869.java,1,1,0,0,0,0,0,0,1,n
874.java,4,5,2,0,0,0,0,0,2,n
875.java,2,1,0,0,0,0,0,0,1,n
880.java,1,1,0,0,0,1,0,0,1,n
881.java,2,2,0,0,0,0,0,0,1,n
883.java,2,2,0,0,0,1,0,0,1,n
886.java,1,3,0,0,0,0,0,0,1,n
887.java,2,1,0,0,0,0,0,0,1,n
89.java,2,3,0,0,0,0,0,0,1,n
890.java,4,2,0,0,0,0,0,0,1,n
892.java,3,1,0,0,0,0,0,0,1,n
893.java,3,8,0,0,0,0,0,0,2,n
896.java,4,2,1,0,0,0,1,0,1,n
898.java,10,5,0,0,0,0,0,1,1,n
9.java,0,2,0,0,0,0,0,0,1,n
90.java,0,2,0,0,0,0,0,0,1,n
900.java,7,0,0,0,0,0,0,0,0,n
902.java,10,7,0,0,0,0,0,1,1,n
91.java,3,3,0,0,1,0,0,0,2,n
913.java,3,2,0,0,0,0,0,0,1,n
916.java,7,2,1,0,0,0,0,0,1,n
917.java,7,2,4,0,0,0,0,0,1,n
918.java,1,1,0,0,0,0,0,0,1,n
921.java,7,4,0,0,0,0,0,0,2,n
926.java,1,1,0,0,0,0,1,0,1,n
929.java,1,6,0,0,0,0,0,0,2,n
935.java,2,1,0,0,0,0,0,0,1,n
938.java,2,2,0,0,0,0,0,0,1,n
939.java,2,3,1,0,0,0,0,0,1,n
940.java,4,3,0,0,0,0,0,0,2,n
941.java,2,6,0,0,0,0,0,0,2,n
942.java,2,3,0,0,0,1,0,0,1,n
944.java,12,4,0,0,0,0,1,0,1,n
946.java,1,2,0,0,0,0,0,0,1,n
947.java,4,6,0,0,0,0,0,0,2,n
948.java,6,4,0,0,0,0,0,0,1,n
951.java,6,4,0,0,0,0,0,0,1,n
952.java,13,7,3,0,0,0,0,0,1,n
963.java,2,2,0,0,0,0,0,0,1,n
965.java,0,3,0,0,0,0,0,0,1,n
968.java,1,3,0,0,0,0,0,0,1,n
969.java,0,4,0,0,0,0,0,0,2,n
97.java,2,3,0,0,0,0,0,0,1,n
970.java,1,0,0,0,0,0,0,0,0,n
971.java,0,4,0,0,0,0,0,0,2,n
972.java,1,2,0,0,0,0,0,0,1,n
973.java,6,2,0,0,0,0,0,0,1,n
974.java,4,2,0,0,0,0,0,0,1,n
976.java,3,3,0,0,0,0,0,0,1,n
977.java,3,2,0,0,0,0,0,0,1,n
978.java,3,2,0,0,0,0,0,0,1,n
979.java,3,2,0,0,0,0,0,0,1,n
98.java,3,2,0,0,0,0,0,0,1,n
981.java,3,2,0,0,0,0,0,0,1,n
994.java,3,3,0,0,0,0,0,0,1,n
997.java,4,3,0,0,0,0,0,0,1,n
998.java,0,1,0,0,0,0,0,0,1,n
999.java,0,1,0,0,0,0,0,0,1,n
114.java,0,1,0,0,0,0,0,0,1,n
130.java,2,1,0,0,0,1,0,0,1,n
137.java,3,1,0,0,0,0,0,0,1,n
160.java,3,2,0,0,0,0,0,1,1,n
20.java,1,2,0,0,0,0,0,0,1,n
259.java,0,2,0,0,0,0,0,0,1,n
291.java,1,2,0,0,0,0,0,0,1,n
297.java,1,1,0,0,0,0,0,0,1,n
301.java,1,1,0,0,0,0,0,0,1,n
312.java,0,1,0,0,0,0,0,0,1,n
34.java,0,3,0,0,0,0,0,0,1,n
49.java,3,2,0,0,0,0,0,0,1,n
77.java,3,3,0,0,0,0,0,0,2,n
99.java,2,1,0,0,0,0,0,0,1,n
1.java,0,3,0,0,0,0,0,0,1,n_square
1014.java,2,4,0,0,0,0,0,0,2,n_square
1015.java,7,13,0,0,0,0,1,0,5,n_square
1016.java,2,3,0,0,0,0,0,0,2,n_square
1017.java,2,3,0,0,0,0,0,0,2,n_square
1018.java,2,4,0,0,0,0,0,0,2,n_square
102.java,1,3,0,0,1,0,0,0,3,n_square
1035.java,0,5,0,0,0,0,0,0,2,n_square
1036.java,3,4,0,0,0,0,0,0,2,n_square
1037.java,1,6,0,0,0,0,0,0,2,n_square
1038.java,2,4,0,0,0,0,0,0,2,n_square
104.java,1,2,0,0,0,0,0,0,2,n_square
107.java,1,2,0,0,0,0,0,0,2,n_square
115.java,3,2,0,0,0,0,0,0,1,n_square
117.java,1,3,0,0,0,0,0,0,2,n_square
120.java,1,3,0,0,0,0,0,0,2,n_square
122.java,2,2,1,0,0,0,0,0,2,n_square
128.java,3,2,0,0,0,0,0,0,2,n_square
133.java,2,2,1,0,0,0,0,0,2,n_square
140.java,4,3,0,0,0,0,0,1,2,n_square
143.java,2,2,0,0,0,0,1,0,2,n_square
147.java,2,5,0,0,0,0,0,0,2,n_square
148.java,6,5,4,0,0,0,0,0,2,n_square
149.java,3,3,0,0,0,0,0,0,2,n_square
162.java,1,3,0,0,0,0,0,0,2,n_square
171.java,0,3,0,0,0,0,0,0,2,n_square
18.java,0,2,0,0,0,0,0,0,2,n_square
186.java,0,2,0,0,0,0,0,0,2,n_square
199.java,0,5,0,0,0,0,0,0,2,n_square
226.java,2,4,0,0,0,0,0,0,1,n_square
227.java,6,1,0,0,0,0,0,1,1,n_square
229.java,1,2,0,0,0,0,0,0,2,n_square
237.java,2,2,1,0,0,0,0,0,2,n_square
249.java,0,2,0,0,0,0,0,0,2,n_square
25.java,0,3,0,0,0,0,0,0,2,n_square
251.java,2,2,0,0,0,0,0,0,2,n_square
252.java,3,3,1,0,0,0,0,0,2,n_square
254.java,0,0,0,0,0,0,0,0,0,n_square
257.java,1,2,0,0,0,0,0,0,2,n_square
258.java,1,2,0,0,0,0,0,0,2,n_square
26.java,0,2,0,0,0,0,0,0,1,n_square
264.java,2,5,0,0,0,1,0,0,2,n_square
271.java,2,2,0,0,0,0,0,0,2,n_square
274.java,2,2,1,0,0,0,0,0,2,n_square
278.java,1,2,0,0,0,0,0,0,2,n_square
285.java,2,4,0,0,0,0,0,0,2,n_square
288.java,0,3,0,0,0,0,0,0,2,n_square
290.java,0,3,0,0,0,0,0,0,2,n_square
293.java,1,2,0,0,0,0,0,0,2,n_square
295.java,1,2,0,0,0,0,0,0,2,n_square
298.java,0,4,0,0,0,0,0,0,2,n_square
30.java,1,7,0,0,0,0,0,1,1,n_square
303.java,2,4,0,0,0,0,0,0,2,n_square
304.java,6,3,0,0,0,0,0,0,2,n_square
305.java,1,2,0,0,1,0,0,0,2,n_square
307.java,0,2,0,0,0,0,0,0,2,n_square
311.java,4,2,0,0,0,0,0,1,2,n_square
314.java,3,2,0,0,0,0,0,0,2,n_square
317.java,2,6,0,0,0,0,0,0,2,n_square
318.java,2,4,0,0,0,0,0,0,2,n_square
319.java,2,4,0,0,0,0,0,0,2,n_square
322.java,2,4,0,0,0,0,0,0,2,n_square
323.java,2,4,0,0,0,0,0,0,2,n_square
324.java,3,3,0,0,0,0,0,0,2,n_square
325.java,2,4,0,0,0,0,0,0,2,n_square
328.java,2,8,0,0,0,0,0,0,2,n_square
332.java,1,4,0,0,0,0,0,0,2,n_square
335.java,0,5,0,0,0,0,0,0,2,n_square
337.java,1,4,0,0,0,0,0,0,2,n_square
339.java,2,2,1,0,0,0,0,0,2,n_square
342.java,5,1,0,0,1,0,0,1,1,n_square
344.java,5,2,0,0,0,0,0,0,2,n_square
346.java,2,2,0,0,0,0,0,0,2,n_square
348.java,2,2,0,0,0,0,0,0,2,n_square
357.java,2,3,2,0,0,0,0,0,2,n_square
363.java,5,8,0,0,0,0,0,0,2,n_square
366.java,3,7,0,0,0,0,0,0,2,n_square
367.java,2,2,0,0,0,0,0,0,2,n_square
368.java,2,3,0,0,0,0,0,0,2,n_square
369.java,3,4,0,0,0,0,0,0,2,n_square
370.java,3,4,0,0,0,0,0,0,2,n_square
371.java,0,4,0,0,0,0,0,0,2,n_square
372.java,5,3,0,0,0,0,0,0,2,n_square
373.java,3,3,0,0,0,0,0,0,2,n_square
375.java,3,1,0,0,0,0,0,1,1,n_square
376.java,2,1,0,0,0,0,0,1,1,n_square
384.java,6,1,0,0,0,0,0,1,1,n_square
387.java,5,1,0,0,0,0,0,1,1,n_square
396.java,4,1,0,0,0,0,0,1,1,n_square
401.java,5,4,0,0,0,0,0,1,2,n_square
402.java,4,1,0,0,0,0,0,1,1,n_square
403.java,4,1,1,0,0,0,0,1,1,n_square
407.java,8,0,0,0,0,0,0,1,0,n_square
416.java,4,0,0,0,0,0,0,1,0,n_square
421.java,4,0,0,0,0,0,0,1,0,n_square
423.java,6,1,0,0,0,0,0,1,1,n_square
465.java,2,5,0,0,0,0,0,0,2,n_square
467.java,2,5,0,0,0,0,0,0,2,n_square
471.java,2,3,1,0,0,0,0,0,2,n_square
488.java,2,4,1,0,0,0,0,0,2,n_square
489.java,2,4,1,0,0,0,0,0,2,n_square
490.java,2,4,1,0,0,0,0,0,2,n_square
497.java,3,4,0,0,0,0,0,1,2,n_square
522.java,2,2,0,0,0,0,0,0,2,n_square
550.java,2,2,1,0,0,0,0,0,2,n_square
556.java,2,3,0,0,0,0,0,0,2,n_square
560.java,5,5,0,0,0,0,0,0,2,n_square
565.java,5,6,0,0,0,0,0,0,2,n_square
576.java,4,7,1,0,1,0,0,0,4,n_square
581.java,3,4,0,0,0,0,0,0,2,n_square
583.java,2,3,0,0,0,0,0,0,2,n_square
585.java,3,5,1,0,1,1,0,0,2,n_square
587.java,2,4,0,0,0,0,0,0,2,n_square
592.java,6,6,1,0,2,0,0,0,2,n_square
595.java,4,6,0,0,0,0,1,0,3,n_square
596.java,4,3,0,0,0,0,0,0,2,n_square
598.java,3,4,0,0,1,0,0,0,1,n_square
608.java,7,5,0,0,0,0,0,0,2,n_square
609.java,2,3,1,0,0,0,1,0,2,n_square
61.java,2,2,1,0,0,0,0,0,2,n_square
613.java,4,4,1,0,1,0,0,0,2,n_square
623.java,4,5,2,0,0,0,0,0,2,n_square
624.java,5,6,0,0,0,0,0,0,2,n_square
625.java,10,6,2,0,0,0,0,0,2,n_square
628.java,1,4,0,0,0,0,0,0,2,n_square
630.java,3,5,0,0,0,0,0,0,2,n_square
634.java,1,3,0,0,0,0,0,0,2,n_square
635.java,7,8,0,0,0,0,0,0,2,n_square
655.java,0,4,0,0,0,0,0,0,1,n_square
656.java,7,3,1,0,0,0,0,0,2,n_square
68.java,1,2,0,0,0,0,0,0,2,n_square
681.java,4,7,1,0,1,0,0,0,4,n_square
686.java,3,4,0,0,0,0,0,0,2,n_square
688.java,2,3,0,0,0,0,0,0,2,n_square
690.java,3,5,1,0,1,1,0,0,2,n_square
692.java,2,4,0,0,0,0,0,0,2,n_square
697.java,6,6,1,0,2,0,0,0,2,n_square
7.java,0,2,0,0,0,0,0,0,2,n_square
700.java,4,6,0,0,0,0,1,0,3,n_square
701.java,4,3,0,0,0,0,0,0,2,n_square
703.java,3,4,0,0,1,0,0,0,1,n_square
705.java,2,3,0,0,0,0,0,0,2,n_square
706.java,9,10,1,0,0,0,0,0,3,n_square
710.java,14,25,0,0,0,0,0,0,2,n_square
72.java,2,2,1,0,0,0,0,0,2,n_square
720.java,2,3,0,0,0,0,0,0,2,n_square
729.java,4,4,0,0,0,0,0,0,2,n_square
731.java,17,8,0,0,1,0,0,1,1,n_square
732.java,1,2,0,0,0,0,0,0,2,n_square
734.java,2,4,0,0,0,0,0,0,2,n_square
74.java,2,4,0,0,0,0,0,0,2,n_square
741.java,3,4,1,0,0,0,0,0,2,n_square
75.java,5,2,0,0,0,0,0,0,2,n_square
759.java,4,7,0,0,0,0,0,0,2,n_square
762.java,2,3,0,0,0,0,0,0,2,n_square
764.java,7,8,1,0,0,0,0,0,3,n_square
769.java,5,3,1,0,0,0,0,0,2,n_square
790.java,11,12,1,0,0,0,0,0,2,n_square
807.java,12,14,0,0,0,0,0,1,2,n_square
811.java,2,3,0,0,0,0,0,0,2,n_square
815.java,3,6,0,0,0,0,0,0,2,n_square
82.java,1,2,0,0,0,0,0,0,2,n_square
821.java,1,2,0,0,0,0,0,0,2,n_square
822.java,4,8,0,0,1,0,0,0,2,n_square
823.java,3,8,1,0,0,0,0,0,3,n_square
826.java,1,2,0,0,0,0,0,0,2,n_square
831.java,1,5,0,0,0,0,0,0,2,n_square
839.java,9,7,0,0,0,0,0,0,3,n_square
84.java,2,2,0,0,0,0,0,0,2,n_square
840.java,6,8,0,0,0,0,0,0,2,n_square
843.java,10,7,3,0,0,0,0,1,2,n_square
852.java,1,4,0,0,0,0,0,0,2,n_square
863.java,2,4,0,0,0,0,0,0,2,n_square
865.java,10,17,1,0,0,0,0,0,3,n_square
877.java,0,2,0,0,0,0,1,0,2,n_square
894.java,13,8,1,0,0,0,0,0,2,n_square
905.java,18,7,1,0,0,0,0,0,2,n_square
906.java,5,9,0,0,0,0,0,0,2,n_square
908.java,4,4,1,0,0,0,0,1,2,n_square
911.java,6,7,0,0,0,0,0,0,2,n_square
92.java,1,2,0,0,0,0,0,0,2,n_square
922.java,11,9,0,0,0,0,0,0,2,n_square
928.java,1,4,0,0,0,0,0,0,2,n_square
933.java,2,5,0,0,0,0,0,0,2,n_square
94.java,2,2,0,0,0,0,0,0,2,n_square
943.java,2,5,1,0,0,0,0,0,2,n_square
949.java,5,5,0,0,0,0,0,0,2,n_square
986.java,12,2,0,0,0,0,0,0,1,n_square
987.java,0,4,0,0,0,0,0,0,1,n_square
988.java,9,5,0,0,0,0,0,0,2,n_square
989.java,14,4,0,0,0,0,0,0,2,n_square
990.java,14,4,0,0,0,0,0,0,2,n_square
991.java,4,6,0,0,0,0,0,0,3,n_square
992.java,3,6,0,0,0,0,0,0,2,n_square
993.java,9,5,0,0,0,0,0,0,3,n_square
144.java,3,2,0,0,1,0,0,0,2,n_square
294.java,0,2,0,0,0,0,0,0,2,n_square
31.java,2,3,0,0,0,0,0,1,1,n_square
340.java,4,2,0,0,0,0,0,0,2,n_square
73.java,4,2,0,0,0,0,0,0,2,n_square
10.java,0,4,0,0,1,0,0,0,1,nlogn
1019.java,2,2,0,0,1,0,0,0,1,nlogn
1020.java,0,0,0,0,0,0,0,0,0,nlogn
1024.java,4,7,0,0,0,0,0,1,2,nlogn
1030.java,1,2,0,0,1,0,0,0,1,nlogn
1031.java,0,3,0,0,1,0,0,0,1,nlogn
1032.java,0,3,0,0,0,0,0,0,1,nlogn
1033.java,2,4,0,0,1,0,0,0,1,nlogn
1034.java,0,4,0,0,1,0,0,0,1,nlogn
108.java,0,0,0,0,2,0,0,0,0,nlogn
116.java,2,1,0,0,1,0,0,0,1,nlogn
136.java,0,0,0,0,1,0,0,0,0,nlogn
138.java,3,1,0,0,3,0,0,0,1,nlogn
145.java,4,1,0,0,0,0,0,1,1,nlogn
15.java,2,3,0,0,1,0,0,0,1,nlogn
174.java,4,3,0,0,0,0,0,1,1,nlogn
234.java,0,1,0,0,0,0,0,0,1,nlogn
315.java,3,2,0,0,0,0,0,0,1,nlogn
326.java,2,1,0,0,1,0,0,0,1,nlogn
327.java,1,1,0,0,1,0,0,0,1,nlogn
41.java,0,0,0,0,1,0,0,0,0,nlogn
450.java,7,3,0,0,0,1,0,0,1,nlogn
457.java,2,2,0,0,0,0,0,0,2,nlogn
458.java,1,1,0,0,0,0,0,0,1,nlogn
459.java,2,2,0,0,1,0,0,1,1,nlogn
46.java,2,1,1,0,1,0,0,0,1,nlogn
460.java,1,2,0,1,0,0,0,1,1,nlogn
464.java,4,5,0,0,1,0,0,1,1,nlogn
466.java,2,6,0,0,0,0,0,0,2,nlogn
474.java,0,2,0,0,1,0,0,0,1,nlogn
475.java,0,1,0,0,1,0,0,0,1,nlogn
476.java,1,1,0,0,1,0,0,0,1,nlogn
477.java,1,4,0,0,0,0,0,0,2,nlogn
48.java,0,1,0,0,1,0,0,0,1,nlogn
480.java,0,1,0,0,2,0,0,0,1,nlogn
482.java,1,2,0,1,0,0,0,0,1,nlogn
483.java,1,1,0,1,0,0,0,0,1,nlogn
484.java,2,1,0,0,2,0,0,0,1,nlogn
485.java,2,1,0,0,1,0,0,0,1,nlogn
486.java,2,1,0,0,1,0,0,0,1,nlogn
491.java,1,2,1,0,1,0,0,0,1,nlogn
493.java,0,2,0,0,1,0,0,0,1,nlogn
498.java,0,1,0,0,1,0,0,0,1,nlogn
499.java,6,2,0,0,0,0,0,1,1,nlogn
501.java,0,1,0,0,1,0,0,0,1,nlogn
502.java,0,1,0,0,1,0,0,0,1,nlogn
503.java,2,1,0,0,2,0,0,0,1,nlogn
504.java,4,1,0,0,1,0,0,0,1,nlogn
505.java,1,1,0,0,1,0,0,0,1,nlogn
510.java,1,2,0,0,1,0,0,0,1,nlogn
523.java,5,2,0,0,0,0,0,1,1,nlogn
525.java,0,1,0,0,1,0,0,0,1,nlogn
546.java,0,0,0,0,1,0,0,0,0,nlogn
561.java,2,6,0,0,2,0,0,0,1,nlogn
562.java,3,4,0,0,2,0,0,0,1,nlogn
564.java,2,6,0,0,2,0,0,0,1,nlogn
572.java,6,4,2,0,0,0,0,0,1,nlogn
575.java,4,5,0,0,0,0,0,0,1,nlogn
577.java,4,1,1,0,1,0,0,0,1,nlogn
579.java,3,1,0,0,0,0,0,0,1,nlogn
58.java,1,4,0,0,0,0,0,0,2,nlogn
584.java,2,3,0,0,0,0,0,0,1,nlogn
586.java,2,4,0,0,0,0,0,0,2,nlogn
605.java,1,2,0,0,1,0,0,0,1,nlogn
606.java,2,2,0,0,1,0,0,0,1,nlogn
607.java,3,2,0,0,1,0,0,0,1,nlogn
610.java,3,4,0,0,1,0,0,0,1,nlogn
612.java,4,2,0,0,1,0,0,0,1,nlogn
626.java,3,5,0,0,2,0,0,0,2,nlogn
627.java,7,7,0,0,2,0,0,0,1,nlogn
629.java,0,1,0,0,0,0,0,0,1,nlogn
649.java,2,3,0,0,0,1,0,0,1,nlogn
651.java,1,3,0,0,1,0,0,0,1,nlogn
652.java,3,9,0,0,0,0,0,1,2,nlogn
661.java,4,4,2,0,0,1,0,0,2,nlogn
663.java,7,4,0,0,0,0,0,0,1,nlogn
664.java,4,2,0,0,0,1,0,0,1,nlogn
666.java,2,5,0,1,0,0,0,0,1,nlogn
677.java,6,4,2,0,0,0,0,0,1,nlogn
680.java,4,5,0,0,0,0,0,0,1,nlogn
682.java,4,1,1,0,1,0,0,0,1,nlogn
684.java,3,1,0,0,0,0,0,0,1,nlogn
689.java,2,3,0,0,0,0,0,0,1,nlogn
691.java,2,4,0,0,0,0,0,0,2,nlogn
70.java,4,1,0,0,1,0,0,0,1,nlogn
707.java,2,3,1,0,1,0,0,0,1,nlogn
727.java,6,6,0,0,1,0,0,0,2,nlogn
737.java,1,7,0,0,0,0,0,0,2,nlogn
744.java,10,5,2,0,0,1,0,1,1,nlogn
749.java,8,4,0,0,0,0,0,0,1,nlogn
751.java,5,13,0,0,0,0,0,0,2,nlogn
755.java,7,5,0,0,2,0,0,0,1,nlogn
760.java,1,4,0,0,0,0,0,0,1,nlogn
767.java,1,2,0,0,1,0,0,0,1,nlogn
784.java,0,0,0,0,0,0,0,0,0,nlogn
787.java,18,10,0,0,0,0,0,1,2,nlogn
788.java,0,4,0,0,1,0,0,0,1,nlogn
792.java,2,4,1,0,1,0,0,0,1,nlogn
805.java,5,6,0,0,0,0,0,1,1,nlogn
808.java,6,7,1,0,0,0,0,0,2,nlogn
810.java,4,9,0,0,1,0,0,1,1,nlogn
812.java,10,7,0,0,1,0,0,1,1,nlogn
818.java,1,1,0,0,0,0,0,0,1,nlogn
819.java,5,3,0,0,0,0,0,0,1,nlogn
83.java,1,1,0,0,1,0,0,0,1,nlogn
833.java,14,3,0,0,1,0,0,1,1,nlogn
838.java,5,4,0,0,1,0,0,0,1,nlogn
844.java,5,3,0,0,0,0,0,0,2,nlogn
845.java,8,10,0,0,0,0,0,0,2,nlogn
847.java,0,3,0,0,0,0,0,0,1,nlogn
850.java,10,7,0,0,0,0,0,0,2,nlogn
855.java,13,12,0,1,0,0,0,1,2,nlogn
87.java,1,1,0,0,1,0,0,0,1,nlogn
872.java,7,4,0,0,0,0,0,0,1,nlogn
879.java,5,6,0,0,0,0,0,0,2,nlogn
88.java,1,4,0,0,0,0,0,0,2,nlogn
882.java,3,3,1,0,1,0,0,0,1,nlogn
884.java,5,3,1,1,0,0,0,0,2,nlogn
888.java,4,4,1,0,0,0,0,0,2,nlogn
895.java,7,10,1,0,0,0,0,0,2,nlogn
897.java,7,3,0,0,1,0,0,0,1,nlogn
901.java,5,19,0,0,0,1,0,1,2,nlogn
904.java,1,1,0,0,1,0,0,0,1,nlogn
907.java,0,1,0,0,1,0,0,0,1,nlogn
909.java,3,4,1,0,1,0,0,0,1,nlogn
912.java,4,4,0,0,0,0,0,1,1,nlogn
914.java,2,3,0,0,0,0,0,0,1,nlogn
915.java,4,5,0,0,0,0,0,0,2,nlogn
919.java,2,2,0,0,1,0,0,0,1,nlogn
920.java,2,2,0,0,0,0,0,0,1,nlogn
924.java,3,4,1,0,1,0,0,0,1,nlogn
93.java,2,4,0,0,0,0,0,1,1,nlogn
930.java,3,5,0,1,1,0,0,0,1,nlogn
934.java,19,5,0,0,0,0,0,1,2,nlogn
936.java,6,3,0,0,0,0,0,0,1,nlogn
945.java,1,3,0,0,1,0,0,0,1,nlogn
95.java,5,2,0,0,0,0,0,1,1,nlogn
953.java,5,2,0,0,0,0,0,0,1,nlogn
956.java,9,4,0,0,0,0,0,0,1,nlogn
957.java,3,2,0,0,0,0,0,0,1,nlogn
958.java,21,21,1,0,0,0,0,1,2,nlogn
960.java,2,2,0,0,1,0,0,0,1,nlogn
961.java,9,6,0,0,1,0,0,0,1,nlogn
964.java,1,3,0,0,1,0,0,0,1,nlogn
966.java,1,2,0,0,1,0,0,0,1,nlogn
967.java,2,3,0,0,1,0,0,0,1,nlogn
975.java,4,5,0,0,0,0,0,1,2,nlogn
980.java,4,4,0,0,0,0,0,0,1,nlogn
